name,query_name,market_value,tm_id,tm_url,query_used
A. Abeid,Aly Abeid,€700k,393436,https://www.transfermarkt.com/aly-abeid/profil/spieler/393436,Aly Abeid
A. Al Hamlawi,Assad Al Hamlawi,€1.40m,518451,https://www.transfermarkt.com/assad-al-hamlawi/profil/spieler/518451,Assad Al Hamlawi
A. Albu,Alexandru Albu,€275k,372908,https://www.transfermarkt.com/alexandru-albu/profil/spieler/372908,Alexandru Albu
A. Aliev,Alibek Aliev,€500k,271763,https://www.transfermarkt.com/alibek-aliev/profil/spieler/271763,Alibek Aliev
A. Baroan,Antoine Baroan,€600k,463666,https://www.transfermarkt.com/antoine-baroan/profil/spieler/463666,Antoine Baroan
A. Benga,Alexandru Benga,€100k,202800,https://www.transfermarkt.com/alexandru-benga/profil/spieler/202800,Alexandru Benga
A. Bettaieb,Adel Bettaieb,€700k,610484,https://www.transfermarkt.com/adel-bettaieb/profil/spieler/610484,Adel Bettaieb
A. Borza,Andrei Borza,€2.50m,723826,https://www.transfermarkt.com/andrei-borza/profil/spieler/723826,Andrei Borza
A. Boțogan,Alin Boțogan,€200k,793133,https://www.transfermarkt.com/alin-botogan/profil/spieler/793133,Alin Boțogan
A. Buzbuchi,Alexandru Buzbuchi,€600k,216660,https://www.transfermarkt.com/alexandru-buzbuchi/profil/spieler/216660,Alexandru Buzbuchi
A. Camara,Aboubacar Camara,€150k,806170,https://www.transfermarkt.com/aboubacar-camara/profil/spieler/806170,Aboubacar Camara
A. Caragea,Adrian Caragea,€300k,723836,https://www.transfermarkt.com/adrian-caragea/profil/spieler/723836,Adrian Caragea
A. Chica-Rosa,Adi Chica-Rosa,€550k,736722,https://www.transfermarkt.com/adi-chica-rosa/profil/spieler/736722,Adi Chica-Rosa
A. Chițu,Aurelian Chițu,€250k,164236,https://www.transfermarkt.com/aurelian-chitu/profil/spieler/164236,Aurelian Chițu
A. Cicâldău,Alexandru Cicâldău,€2.50m,295810,https://www.transfermarkt.com/alexandru-cicaldau/profil/spieler/295810,Alexandru Cicâldău
A. Constantin Pop,Alexandru Mihai Constantin Pop,€800k,434892,https://www.transfermarkt.com/alexandru-pop/profil/spieler/434892,Alexandru Mihai Constantin Pop
A. Cordea,Andrei Cordea,€2.40m,435712,https://www.transfermarkt.com/andrei-cordea/profil/spieler/435712,Andrei Cordea
A. Crețu,Alexandru Crețu,€450k,216661,https://www.transfermarkt.com/alexandru-cretu/profil/spieler/216661,Alexandru Crețu
A. Csuros,Attila Csürös,€150k,724573,https://www.transfermarkt.com/attila-csuros/profil/spieler/724573,Attila Csürös
A. Dinu,Alexandru Ionuț Dinu,€450k,604366,https://www.transfermarkt.com/ionut-dinu/profil/spieler/604366,Alexandru Ionuț Dinu
A. Dobre,Mihai Alexandru Dobre,-,,https://www.transfermarkt.com/atevo-sports-group/beraterfirma/berater/3608,Mihai Alexandru Dobre
A. Dorobanțu,Andrei Dorobanțu,€300k,940366,https://www.transfermarkt.com/andrei-dorobantu/profil/spieler/940366,Andrei Dorobanțu
A. Dragu,Andrei Dragu,€400k,536129,https://www.transfermarkt.com/andrei-dragu/profil/spieler/536129,Andrei Dragu
A. Dumiter,Andrei Dumiter,€350k,466722,https://www.transfermarkt.com/andrei-dumiter/profil/spieler/466722,Andrei Dumiter
A. Dumitrescu,Andres Mihai Dumitrescu,€300k,547812,https://www.transfermarkt.com/andres-dumitrescu/profil/spieler/547812,Andres Mihai Dumitrescu
A. Fică,Alin Fică,€1.00m,675506,https://www.transfermarkt.com/alin-fica/profil/spieler/675506,Alin Fică
A. Friday,Adams Friday,-,,,
A. Gheorghe,Alexandru Gheorghe,€100k,1045068,https://www.transfermarkt.com/alexandru-gheorghe/profil/spieler/1045068,Alexandru Gheorghe
A. Gorcea,Andrei Gorcea,€350k,677152,https://www.transfermarkt.com/andrei-gorcea/profil/spieler/677152,Andrei Gorcea
A. Irimia,Alexandru Irimia,€100k,1113721,https://www.transfermarkt.com/alexandru-irimia/profil/spieler/1113721,Alexandru Irimia
A. Ivanov,Antoni Ivanov,€600k,283287,https://www.transfermarkt.com/antoni-ivanov/profil/spieler/283287,Antoni Ivanov
A. Ișfan,Alexandru Ișfan,€750k,672055,https://www.transfermarkt.com/alexandru-isfan/profil/spieler/672055,Alexandru Ișfan
A. Karo,Andreas Karo,€250k,203966,https://www.transfermarkt.com/andreas-karo/profil/spieler/203966,Andreas Karo
A. Marginean,Andrei Marginean,€550k,547827,https://www.transfermarkt.com/andrei-marginean/profil/spieler/547827,Andrei Marginean
A. Mateiu,Alexandru Mateiu,€100k,64193,https://www.transfermarkt.com/alexandru-mateiu/profil/spieler/64193,Alexandru Mateiu
A. Mazilu,Adrian Mazilu,€800k,723835,https://www.transfermarkt.com/adrian-mazilu/profil/spieler/723835,Adrian Mazilu
A. Mekvabishvili,Anzor Mekvabishvili,€1.50m,502671,https://www.transfermarkt.com/anzor-mekvabishvili/profil/spieler/502671,Anzor Mekvabishvili
A. Miron,Andrei Miron,€600k,332205,https://www.transfermarkt.com/andrei-miron/profil/spieler/332205,Andrei Miron
A. Musi,Alexandru Musi,€1.30m,881064,https://www.transfermarkt.com/alexandru-musi/profil/spieler/881064,Alexandru Musi
A. Oroian,Alexandru Oroian,€300k,614623,https://www.transfermarkt.com/alexandru-oroian/profil/spieler/614623,Alexandru Oroian
A. Padula,Andrea Padula,€400k,334665,https://www.transfermarkt.com/andrea-padula/profil/spieler/334665,Andrea Padula
A. Pantea,Alexandru Pantea,€850k,670828,https://www.transfermarkt.com/alexandru-pantea/profil/spieler/670828,Alexandru Pantea
A. Pașcanu,Alexandru Stefan Pașcanu,€1.30m,421258,https://www.transfermarkt.com/alexandru-pascanu/profil/spieler/421258,Alexandru Stefan Pașcanu
A. Păun,Adrian Păun,€500k,291656,https://www.transfermarkt.com/adrian-paun/profil/spieler/291656,Adrian Păun
A. Roman,Alin Roman,€600k,186741,https://www.transfermarkt.com/alin-roman/profil/spieler/186741,Alin Roman
A. Rus,Adrián Rus,€1.20m,421927,https://www.transfermarkt.com/adrian-rus/profil/spieler/421927,Adrián Rus
A. Rus,Andrei Rus,€200k,919693,https://www.transfermarkt.com/andrei-rus/profil/spieler/919693,Andrei Rus
A. Said,Said Ahmed Said,€50k,45529,https://www.transfermarkt.com/said-ahmed-said/profil/spieler/45529,Said Ahmed Said
A. Sava,Andrei Sava,€50k,97515,https://www.transfermarkt.com/andrei-sava/profil/spieler/97515,Andrei Sava
A. Sfait,Andres Emil Sfait,€400k,808224,https://www.transfermarkt.com/andres-sfait/profil/spieler/808224,Andres Emil Sfait
A. Stoian,Alexandru Constantin Stoian,€650k,992823,https://www.transfermarkt.com/alexandru-stoian/profil/spieler/992823,Alexandru Constantin Stoian
A. Sîrbu,Adrian Sîrbu,€50k,1008333,https://www.transfermarkt.com/adrian-sarbu/profil/spieler/1008333,Adrian Sîrbu
A. Tirlea,Alexandru Tirlea,€100k,319253,https://www.transfermarkt.com/alexandru-tirlea/profil/spieler/319253,Alexandru Tirlea
A. Tofan,Costinel Andrei Tofan,€150k,394481,https://www.transfermarkt.com/costinel-tofan/profil/spieler/394481,Costinel Andrei Tofan
A. Zargari,Aviel Zargari,€200k,668676,https://www.transfermarkt.com/aviel-zargari/profil/spieler/668676,Aviel Zargari
A. Şut,Adrian Şut,€3.80m,433979,https://www.transfermarkt.com/adrian-sut/profil/spieler/433979,Adrian Şut
A. Țigănașu,Alexandru Țigănașu,€100k,177661,https://www.transfermarkt.com/alexandru-tiganasu/profil/spieler/177661,Alexandru Țigănașu
Alberto Soro,Alberto Soro Álvarez,€700k,487688,https://www.transfermarkt.com/alberto-soro/profil/spieler/487688,Alberto Soro Álvarez
Aldaír,Aldaír Caputo Ferreira,-,,https://www.transfermarkt.com/leonardo-a-ferreira/beraterfirma/berater/1648,Aldaír Caputo Ferreira
Alexandru Rosca,Alexandru Vasile Ailiesei Rosca,€450k,968921,https://www.transfermarkt.com/alexandru-rosca/profil/spieler/968921,Alexandru Vasile Ailiesei Rosca
Anderson Ceará,Francisco Anderson de Jesus dos Santos,€650k,634815,https://www.transfermarkt.com/anderson-ceara/profil/spieler/634815,Francisco Anderson de Jesus dos Santos
Andrei Ciobanu,Andrei Virgil Ciobanu,€300k,340980,https://www.transfermarkt.com/andrei-ciobanu/profil/spieler/340980,Andrei Virgil Ciobanu
Andrezinho,André Miguel Pinto Lopes,€750k,647125,https://www.transfermarkt.com/andrezinho/profil/spieler/647125,André Miguel Pinto Lopes
André Duarte,André Lourenço Duarte,€800k,588095,https://www.transfermarkt.com/andre-duarte/profil/spieler/588095,André Lourenço Duarte
B. Chorbadzhiyski,Bozhidar Chorbadzhiyski,€350k,271399,https://www.transfermarkt.com/bozhidar-chorbadzhiyski/profil/spieler/271399,Bozhidar Chorbadzhiyski
B. Doukansy,Brahima Doukansy,€250k,517378,https://www.transfermarkt.com/brahima-doukansy/profil/spieler/517378,Brahima Doukansy
B. Hadžić,Benjamin Hadžić,-,349530,https://www.transfermarkt.com/benjamin-hadzic/profil/spieler/349530,Benjamin Hadžić
B. Szabó,Bálint Szabó,€300k,520013,https://www.transfermarkt.com/balint-szabo/profil/spieler/520013,Bálint Szabó
B. Van Durmen,Benjamin Van Durmen,€500k,434514,https://www.transfermarkt.com/benjamin-van-durmen/profil/spieler/434514,Benjamin Van Durmen
B. Végh,Bence Végh,€400k,544171,https://www.transfermarkt.com/bence-vegh/profil/spieler/544171,Bence Végh
B. Țîru,Bogdan Țîru,€250k,186744,https://www.transfermarkt.com/bogdan-tiru/profil/spieler/186744,Bogdan Țîru
Baba Alhassan,Baba Alhassan,€900k,626899,https://www.transfermarkt.com/baba-alhassan/profil/spieler/626899,Baba Alhassan
Bruno Carvalho,Bruno José Moreira Barreto Carvalho,€100k,614516,https://www.transfermarkt.com/bruno-carvalho/profil/spieler/614516,Bruno José Moreira Barreto Carvalho
Bruno Paz,Bruno Lourenço Pinto de Almeida Paz,€400k,314963,https://www.transfermarkt.com/bruno-paz/profil/spieler/314963,Bruno Lourenço Pinto de Almeida Paz
C. Afalna,Christ Nkama Afalna,€550k,840538,https://www.transfermarkt.com/christ-afalna/profil/spieler/840538,Christ Nkama Afalna
C. Biceanu,Ciprian Biceanu,€200k,241259,https://www.transfermarkt.com/ciprian-biceanu/profil/spieler/241259,Ciprian Biceanu
C. Braun,Christopher Braun,€200k,82657,https://www.transfermarkt.com/christopher-braun/profil/spieler/82657,Christopher Braun
C. Bărbuţ,Cristi Bărbuţ,€200k,262108,https://www.transfermarkt.com/cristi-barbut/profil/spieler/262108,Cristi Bărbuţ
C. Chira,Cristian Chira,€50k,675505,https://www.transfermarkt.com/cristian-chira/profil/spieler/675505,Cristian Chira
C. Cîrjan,Cătălin Ionut Cîrjan,€2.50m,575219,https://www.transfermarkt.com/catalin-cirjan/profil/spieler/575219,Cătălin Ionut Cîrjan
C. Căbuz,Cătălin Vasile Căbuz,€850k,315442,https://www.transfermarkt.com/catalin-cabuz/profil/spieler/315442,Cătălin Vasile Căbuz
C. Dur-Bozoancă,Cosmin Dur-Bozoancă,€750k,340976,https://www.transfermarkt.com/cosmin-dur-bozoanca/profil/spieler/340976,Cosmin Dur-Bozoancă
C. Ganea,Cristian Ganea,€300k,262117,https://www.transfermarkt.com/cristian-ganea/profil/spieler/262117,Cristian Ganea
C. Grameni,Constantin Grameni,€1.30m,568578,https://www.transfermarkt.com/constantin-grameni/profil/spieler/568578,Constantin Grameni
C. Kouadio,Christ Sarkodje Kouadio,-,,https://www.transfermarkt.com/planet-foot-consulting/beraterfirma/berater/7208,Christ Sarkodje Kouadio
C. Kyriakou,Charalampos Kyriakou,€600k,203970,https://www.transfermarkt.com/charalampos-kyriakou/profil/spieler/203970,Charalampos Kyriakou
C. Manea,Cristian Manea,€1.50m,271284,https://www.transfermarkt.com/cristian-manea/profil/spieler/271284,Cristian Manea
C. Micovschi,Claudiu Micovschi,€350k,319231,https://www.transfermarkt.com/claudiu-micovschi/profil/spieler/319231,Claudiu Micovschi
C. Mihai,Cristian Mihai,€900k,974722,https://www.transfermarkt.com/cristian-mihai/profil/spieler/974722,Cristian Mihai
C. Mora,Carlos Mora Montoya,-,,https://www.transfermarkt.com/luis-alonso-ramirez-montoya/beraterfirma/berater/5506,Carlos Mora Montoya
C. Neguţ,Cristian Daniel Neguţ,€450k,430836,https://www.transfermarkt.com/cristian-negut/profil/spieler/430836,Cristian Daniel Neguţ
C. Petrila,Claudiu Petrila,€2.70m,623424,https://www.transfermarkt.com/claudiu-petrila/profil/spieler/623424,Claudiu Petrila
C. Petro,John Charles Petro,€800k,703710,https://www.transfermarkt.com/charles-petro/profil/spieler/703710,John Charles Petro
C. Pirvu,Christian Nikolas Pirvu Yanis,-,,https://www.transfermarkt.com/yanis-boubidi/beraterfirma/berater/16036,Christian Nikolas Pirvu Yanis
C. Sima,Cristian Sima,€350k,1335803,https://www.transfermarkt.com/cristian-sima/profil/spieler/1335803,Cristian Sima
C. Vulturar,Cătălin Vulturar,€700k,710079,https://www.transfermarkt.com/catalin-vulturar/profil/spieler/710079,Cătălin Vulturar
Caio Ferreira,Caio Ferreira Martins,€800k,1122898,https://www.transfermarkt.com/caio/profil/spieler/1122898,Caio Ferreira Martins
Conrado,Conrado Buchanelli Holz,€650k,514674,https://www.transfermarkt.com/conrado/profil/spieler/514674,Conrado Buchanelli Holz
Cristian Ponde,Cristian Ioan Ponde,€75k,198005,https://www.transfermarkt.com/cristian-ponde/profil/spieler/198005,Cristian Ioan Ponde
D. Albu,Dragoș Albu,€550k,547820,https://www.transfermarkt.com/dragos-albu/profil/spieler/547820,Dragoș Albu
D. Alibec,Denis Alibec,€400k,81396,https://www.transfermarkt.com/denis-alibec/profil/spieler/81396,Denis Alibec
D. Alomerović,Din Alomerović,€700k,343357,https://www.transfermarkt.com/din-alomerovic/profil/spieler/343357,Din Alomerović
D. Armstrong,Danny Armstrong,€900k,225236,https://www.transfermarkt.com/danny-armstrong/profil/spieler/225236,Danny Armstrong
D. Barbu,David Andrei Barbu,€250k,1040566,https://www.transfermarkt.com/david-barbu/profil/spieler/1040566,David Andrei Barbu
D. Bordun,Denis Bordun,€150k,1065319,https://www.transfermarkt.com/denis-bordun/profil/spieler/1065319,Denis Bordun
D. Bota,Darius Bota,€50k,1455935,https://www.transfermarkt.com/darius-bota/profil/spieler/1455935,Darius Bota
D. Bîrligea,Daniel Bîrligea,€4.50m,468192,https://www.transfermarkt.com/daniel-birligea/profil/spieler/468192,Daniel Bîrligea
D. Ciobotariu,Denis Ciobotariu,€1.00m,428593,https://www.transfermarkt.com/denis-ciobotariu/profil/spieler/428593,Denis Ciobotariu
D. Djoković,Damjan Djoković,€150k,143039,https://www.transfermarkt.com/damjan-djokovic/profil/spieler/143039,Damjan Djoković
D. Dongmo,Danel Jordan Dongmo,€300k,929612,https://www.transfermarkt.com/danel-dongmo/profil/spieler/929612,Danel Jordan Dongmo
D. Epassy,Devis Rogers Epassy Mboka,€400k,170471,https://www.transfermarkt.com/devis-epassy/profil/spieler/170471,Devis Rogers Epassy Mboka
D. Graovac,Daniel Graovac,€450k,131728,https://www.transfermarkt.com/daniel-graovac/profil/spieler/131728,Daniel Graovac
D. Hazrollaj,Drilon Hazrollaj,€500k,986186,https://www.transfermarkt.com/drilon-hazrollaj/profil/spieler/986186,Drilon Hazrollaj
D. Hrezdac,Denis Hrezdac,€450k,641765,https://www.transfermarkt.com/denis-hrezdac/profil/spieler/641765,Denis Hrezdac
D. Huiban,Dragoş Ionuţ Huiban,€100k,64054,https://www.transfermarkt.com/dragos-huiban/profil/spieler/64054,Dragoş Ionuţ Huiban
D. Iliev,Dejan Iliev,€450k,205757,https://www.transfermarkt.com/dejan-iliev/profil/spieler/205757,Dejan Iliev
D. Irimia,David Irimia,€250k,1113720,https://www.transfermarkt.com/david-irimia/profil/spieler/1113720,David Irimia
D. Lazar,David Lazar,€200k,168278,https://www.transfermarkt.com/david-lazar/profil/spieler/168278,David Lazar
D. Maftei,David Iulian Maftei,€500k,731518,https://www.transfermarkt.com/david-maftei/profil/spieler/731518,David Iulian Maftei
D. Matei,David Matei,€900k,1112690,https://www.transfermarkt.com/david-matei/profil/spieler/1112690,David Matei
D. Miculescu,David Miculescu,€2.50m,614800,https://www.transfermarkt.com/david-miculescu/profil/spieler/614800,David Miculescu
D. Oancea,Dorinel Oancea,€850k,556116,https://www.transfermarkt.com/dorinel-oancea/profil/spieler/556116,Dorinel Oancea
D. Olaru,Darius Olaru,€5.00m,395800,https://www.transfermarkt.com/darius-olaru/profil/spieler/395800,Darius Olaru
D. Paraschiv,Daniel Paraschiv,€800k,605543,https://www.transfermarkt.com/daniel-paraschiv/profil/spieler/605543,Daniel Paraschiv
D. Paraschiv,David Ionut Paraschiv,€100k,1229951,https://www.transfermarkt.com/david-paraschiv/profil/spieler/1229951,David Ionut Paraschiv
D. Politic,Dennis Politic,€900k,470152,https://www.transfermarkt.com/dennis-politic/profil/spieler/470152,Dennis Politic
D. Pospelov,Dmytro Pospelov,€250k,108866,https://www.transfermarkt.com/dmytro-pospelov/profil/spieler/108866,Dmytro Pospelov
D. Rusu,Denis Rusu,€100k,171770,https://www.transfermarkt.com/denis-rusu/profil/spieler/171770,Denis Rusu
D. Sabater,Damiá Sabater Tous,€250k,217154,https://www.transfermarkt.com/damia-sabater/profil/spieler/217154,Damiá Sabater Tous
D. Sandu,Daniel Sandu,€200k,1264865,https://www.transfermarkt.com/daniel-sandu/profil/spieler/1264865,Daniel Sandu
D. Sîrbu,Dan Sîrbu,€650k,666463,https://www.transfermarkt.com/dan-sirbu/profil/spieler/666463,Dan Sîrbu
D. Taroi,Denis Alberto Ionut Taroi,€150k,1346805,https://www.transfermarkt.com/denis-taroi/profil/spieler/1346805,Denis Alberto Ionut Taroi
D. Ubbink,Desley Ubbink,-,272718,https://www.transfermarkt.com/desley-ubbink/profil/spieler/272718,Desley Ubbink
D. Şerbănică,Daniel Marius Şerbănică,€400k,529149,https://www.transfermarkt.com/daniel-serbanica/profil/spieler/529149,Daniel Marius Şerbănică
D. Živulić,Diego Živulić,€250k,148545,https://www.transfermarkt.com/diego-zivulic/profil/spieler/148545,Diego Živulić
Diogo Ramalho,Diogo Sá Ramalho,€400k,478588,https://www.transfermarkt.com/ramalho/profil/spieler/478588,Diogo Sá Ramalho
E. Bakoș,Ervin-Raul Bakoș,-,,,
E. Bloj,Erwin Szilard Bloj,€150k,932837,https://www.transfermarkt.com/erwin-bloj/profil/spieler/932837,Erwin Szilard Bloj
E. Diaw,Eljadji Pape Djibril Diaw,-,,https://www.transfermarkt.com/amc-sports-paris/beraterfirma/berater/5932,Eljadji Pape Djibril Diaw
E. Florescu,Eduard Florescu,€450k,379194,https://www.transfermarkt.com/eduard-florescu/profil/spieler/379194,Eduard Florescu
E. Gnahoré,Eddy Gnahoré,€750k,168933,https://www.transfermarkt.com/eddy-gnahore/profil/spieler/168933,Eddy Gnahoré
E. Koljič,Elvir Koljič,€700k,296695,https://www.transfermarkt.com/elvir-koljic/profil/spieler/296695,Elvir Koljič
E. López,Enzo Adrián López,€400k,743667,https://www.transfermarkt.com/enzo-lopez/profil/spieler/743667,Enzo Adrián López
E. Pap,Eduard Pap,€300k,249080,https://www.transfermarkt.com/eduard-pap/profil/spieler/249080,Eduard Pap
E. Papa,Enriko Papa,€400k,241221,https://www.transfermarkt.com/enriko-papa/profil/spieler/241221,Enriko Papa
E. Rădăslăvescu,Eduard Rădăslăvescu,€700k,731522,https://www.transfermarkt.com/eduard-radaslavescu/profil/spieler/731522,Eduard Rădăslăvescu
Ely Fernandes,Ely Ernesto Lopes Fernandes,€50k,292488,https://www.transfermarkt.com/ely-fernandes/profil/spieler/292488,Ely Ernesto Lopes Fernandes
Esteban Orozco,Esteban Orozco Fernández,€250k,531411,https://www.transfermarkt.com/esteban-orozco/profil/spieler/531411,Esteban Orozco Fernández
F. Bejan,Florin Bejan,€100k,147993,https://www.transfermarkt.com/florin-bejan/profil/spieler/147993,Florin Bejan
F. Borța,Florin Borța,€600k,603327,https://www.transfermarkt.com/florin-borta/profil/spieler/603327,Florin Borța
F. Iacob,Flavius Iacob,€350k,932800,https://www.transfermarkt.com/flavius-iacob/profil/spieler/932800,Flavius Iacob
F. Poulolo,Florent Poulolo,€700k,600151,https://www.transfermarkt.com/florent-poulolo/profil/spieler/600151,Florent Poulolo
F. Prce,Franjo Prce,€300k,240260,https://www.transfermarkt.com/franjo-prce/profil/spieler/240260,Franjo Prce
F. Purece,Florin Flavius Purece,€175k,203059,https://www.transfermarkt.com/florin-purece/profil/spieler/203059,Florin Flavius Purece
F. Tănase,Florin Tănase,€2.00m,314329,https://www.transfermarkt.com/florin-tanase/profil/spieler/314329,Florin Tănase
F. Ștefan,Florin Ștefan,€700k,320637,https://www.transfermarkt.com/florin-stefan/profil/spieler/320637,Florin Ștefan
G. Anestis,Giannis Anestis,€300k,191853,https://www.transfermarkt.com/giannis-anestis/profil/spieler/191853,Giannis Anestis
G. Caramalău,George Alexandru Caramalău,-,,,
G. Cîmpanu,George Alexandru Cîmpanu,€550k,687846,https://www.transfermarkt.com/alexandru-cimpanu/profil/spieler/687846,George Alexandru Cîmpanu
G. Dahan,Guy Dahan,€250k,396646,https://www.transfermarkt.com/guy-dahan/profil/spieler/396646,Guy Dahan
G. David,Gabriel David,€250k,976856,https://www.transfermarkt.com/gabriel-david/profil/spieler/976856,Gabriel David
G. Debeljuh,Gabriel Debeljuh,€400k,340073,https://www.transfermarkt.com/gabriel-debeljuh/profil/spieler/340073,Gabriel Debeljuh
G. Dumitru,Gab Dumitru,-,,https://www.transfermarkt.com/creolgg-international/beraterfirma/berater/9256,Gab Dumitru
G. Gavrilaş,George Petrişor Gavrilaş,-,,,
G. Ghimfus,Giovani-David Ghimfus,-,,,
G. Grozav,Gheorghe Grozav,€350k,96844,https://www.transfermarkt.com/gheorghe-grozav/profil/spieler/96844,Gheorghe Grozav
G. Milanov,Georgi Milanov,€450k,134158,https://www.transfermarkt.com/georgi-milanov/profil/spieler/134158,Georgi Milanov
Guilherme Garutti,Guilherme Gomes Garutti,€200k,520084,https://www.transfermarkt.com/guilherme-garutti/profil/spieler/520084,Guilherme Gomes Garutti
Guilherme Soares,Guilherme Araújo Soares,€400k,657385,https://www.transfermarkt.com/guilherme/profil/spieler/657385,Guilherme Araújo Soares
Gustavo Cabral,Gustavo dos Santos Cabral,€50k,1135708,https://www.transfermarkt.com/gustavo-cabral/profil/spieler/1135708,Gustavo dos Santos Cabral
Gustavo Marins,Gustavo Henrique Marins Silva,€600k,869463,https://www.transfermarkt.com/gustavo-marins/profil/spieler/869463,Gustavo Henrique Marins Silva
H. Abdallah,Hakim Djamel Abdallah,€550k,354338,https://www.transfermarkt.com/hakim-abdallah/profil/spieler/354338,Hakim Djamel Abdallah
H. Ongenda,Hervin Ongenda,€450k,182910,https://www.transfermarkt.com/hervin-ongenda/profil/spieler/182910,Hervin Ongenda
I. Cercel,Ionuț Cercel,€500k,1073910,https://www.transfermarkt.com/ionut-cercel/profil/spieler/1073910,Ionuț Cercel
I. Coadă,Ionuţ Viorel Coadă,-,,,
I. Cojocaru,Ionuț Cojocaru,€300k,901511,https://www.transfermarkt.com/ionut-cojocaru/profil/spieler/901511,Ionuț Cojocaru
I. Gurău,Ionuț Gurău,-,,,
I. Larie,Ionuț Larie,€100k,46582,https://www.transfermarkt.com/ionut-larie/profil/spieler/46582,Ionuț Larie
I. Rădescu,Ionuţ Laurenţiu Rădescu,€250k,451331,https://www.transfermarkt.com/ionut-radescu/profil/spieler/451331,Ionuţ Laurenţiu Rădescu
I. Slimani,Islam Slimani,€400k,174915,https://www.transfermarkt.com/islam-slimani/profil/spieler/174915,Islam Slimani
I. Stoica,Ionuț Stoica,€50k,241584,https://www.transfermarkt.com/ionut-stoica/profil/spieler/241584,Ionuț Stoica
I. Vînă,Ionuț Vînă,€700k,208828,https://www.transfermarkt.com/ionut-vina/profil/spieler/208828,Ionuț Vînă
J. Badelj,Juraj Badelj,€1.00m,1052377,https://www.transfermarkt.com/juraj-badelj/profil/spieler/1052377,Juraj Badelj
J. Blagaić,Jakov Blagaić,€400k,434711,https://www.transfermarkt.com/jakov-blagaic/profil/spieler/434711,Jakov Blagaić
J. Cisotti,Juri Cisotti,€800k,163999,https://www.transfermarkt.com/juri-cisotti/profil/spieler/163999,Juri Cisotti
J. Dolný,Jozef Dolný,€100k,148712,https://www.transfermarkt.com/jozef-dolny/profil/spieler/148712,Jozef Dolný
J. Ferenczi,János Ferenczi,€225k,159014,https://www.transfermarkt.com/janos-ferenczi/profil/spieler/159014,János Ferenczi
J. Hegedűs,János Hegedűs,€300k,261328,https://www.transfermarkt.com/janos-hegedus/profil/spieler/261328,János Hegedűs
J. Hromada,Jakub Hromada,€500k,186380,https://www.transfermarkt.com/jakub-hromada/profil/spieler/186380,Jakub Hromada
J. Ikoko,Jordan Ikoko,€400k,157491,https://www.transfermarkt.com/jordan-ikoko/profil/spieler/157491,Jordan Ikoko
J. Jeno,Jekob Abiezer Jeno,-,,https://www.transfermarkt.com/da-ko-team-management-d-o-o-/beraterfirma/berater/13048,Jekob Abiezer Jeno
J. Marković,Jovan Marković,€500k,418235,https://www.transfermarkt.com/jovan-markovic/profil/spieler/418235,Jovan Marković
J. Papeau,Jayson Papeau,€450k,665525,https://www.transfermarkt.com/jayson-papeau/profil/spieler/665525,Jayson Papeau
J. Vojtuš,Jakub Vojtuš,€150k,104990,https://www.transfermarkt.com/jakub-vojtus/profil/spieler/104990,Jakub Vojtuš
Jair,Jair Tavares da Silva,-,,https://www.transfermarkt.com/antonio-silva/beraterfirma/berater/730,Jair Tavares da Silva
João Lameira,João Pedro Santos Lameira,€900k,357165,https://www.transfermarkt.com/joao-lameira/profil/spieler/357165,João Pedro Santos Lameira
João Paulo,João Paulo Moreira Fernandes,€700k,623965,https://www.transfermarkt.com/joao-paulo/profil/spieler/623965,João Paulo Moreira Fernandes
K. Boateng,Kennedy Kofi Boateng,€1.20m,451317,https://www.transfermarkt.com/kennedy-boateng/profil/spieler/451317,Kennedy Kofi Boateng
K. Ciubotaru,Kevin Ciubotaru,€400k,710076,https://www.transfermarkt.com/kevin-ciubotaru/profil/spieler/710076,Kevin Ciubotaru
K. Doumtsios,Konstantinos Doumtsios,€250k,358261,https://www.transfermarkt.com/konstantinos-doumtsios/profil/spieler/358261,Konstantinos Doumtsios
K. Keita,Kader Keita,€1.70m,658835,https://www.transfermarkt.com/kader-keita/profil/spieler/658835,Kader Keita
K. Kujabi,Kalifa Kujabi,€200k,679280,https://www.transfermarkt.com/kalifa-kujabi/profil/spieler/679280,Kalifa Kujabi
K. Luckassen,Kevin Luckassen Brobbey,€250k,187290,https://www.transfermarkt.com/kevin-brobbey/profil/spieler/187290,Kevin Luckassen Brobbey
K. Muhar,Karlo Muhar,€1.20m,388042,https://www.transfermarkt.com/karlo-muhar/profil/spieler/388042,Karlo Muhar
Kazu,Christian Kendji Wagatsuma Ferreira,€200k,428993,https://www.transfermarkt.com/kazu/profil/spieler/428993,Christian Kendji Wagatsuma Ferreira
L. Biliboc,Lorenzo Biliboc,€1.20m,993687,https://www.transfermarkt.com/lorenzo-biliboc/profil/spieler/993687,Lorenzo Biliboc
L. Băsceanu,Luca Băsceanu,€500k,937066,https://www.transfermarkt.com/luca-basceanu/profil/spieler/937066,Luca Băsceanu
L. Emërllahu,Lindon Emërllahu,€1.80m,892105,https://www.transfermarkt.com/lindon-emerllahu/profil/spieler/892105,Lindon Emërllahu
L. Gojković,Luka Gojković,€500k,652618,https://www.transfermarkt.com/luka-gojkovic/profil/spieler/652618,Luka Gojković
L. Houri,Lyes Houri,€600k,229007,https://www.transfermarkt.com/lyes-houri/profil/spieler/229007,Lyes Houri
L. Kramer,Lars Kramer,€1.50m,410897,https://www.transfermarkt.com/lars-kramer/profil/spieler/410897,Lars Kramer
L. Mihai,Luca Mihai,€250k,608487,https://www.transfermarkt.com/luca-mihai/profil/spieler/608487,Luca Mihai
L. Munteanu,Louis Munteanu,€5.00m,547786,https://www.transfermarkt.com/louis-munteanu/profil/spieler/547786,Louis Munteanu
L. Pellegrini,Lucas Pellegrini,€300k,601044,https://www.transfermarkt.com/lucas-pellegrini/profil/spieler/601044,Lucas Pellegrini
L. Popescu,Laurenţiu Popescu,€1.00m,271289,https://www.transfermarkt.com/laurentiu-popescu/profil/spieler/271289,Laurenţiu Popescu
L. Pászka,Lóránd Pászka,€400k,291976,https://www.transfermarkt.com/lorand-paszka/profil/spieler/291976,Lóránd Pászka
L. Sadriu,Leard Sadriu,€1.00m,482364,https://www.transfermarkt.com/leard-sadriu/profil/spieler/482364,Leard Sadriu
L. Stancu,Luca Stancu,€250k,1229554,https://www.transfermarkt.com/luca-stancu/profil/spieler/1229554,Luca Stancu
L. Zahovič,Luka Zahovič,€500k,169362,https://www.transfermarkt.com/luka-zahovic/profil/spieler/169362,Luka Zahovič
Léo Bolgado,Leonardo Da Costa Bolgado,€1.20m,712087,https://www.transfermarkt.com/leo-bolgado/profil/spieler/712087,Leonardo Da Costa Bolgado
M. Abbey,Moses Abbey,€150k,867947,https://www.transfermarkt.com/moses-abbey/profil/spieler/867947,Moses Abbey
M. Aioani,Marian Aioani,€1.50m,426724,https://www.transfermarkt.com/marian-aioani/profil/spieler/426724,Marian Aioani
M. Antoche,Marius Antoche,€225k,226545,https://www.transfermarkt.com/marius-antoche/profil/spieler/226545,Marius Antoche
M. Bordeianu,Mihai Bordeianu,€250k,210059,https://www.transfermarkt.com/mihai-bordeianu/profil/spieler/210059,Mihai Bordeianu
M. Briceag,Marius Briceag,€175k,209063,https://www.transfermarkt.com/marius-briceag/profil/spieler/209063,Marius Briceag
M. Coco,Marcus Coco,€850k,353365,https://www.transfermarkt.com/marcus-coco/profil/spieler/353365,Marcus Coco
M. Coman,Marius Cătălin Coman,€650k,394475,https://www.transfermarkt.com/marius-coman/profil/spieler/394475,Marius Cătălin Coman
M. Dulca,Marco Dulca,€250k,391445,https://www.transfermarkt.com/marco-dulca/profil/spieler/391445,Marco Dulca
M. Edjouma,Malcom Sylas Edjouma,€800k,468704,https://www.transfermarkt.com/malcom-edjouma/profil/spieler/468704,Malcom Sylas Edjouma
M. Eppel,Márton Eppel,€150k,109197,https://www.transfermarkt.com/marton-eppel/profil/spieler/109197,Márton Eppel
M. Etim,Monday Bassey Etim,€550k,505999,https://www.transfermarkt.com/monday-etim/profil/spieler/505999,Monday Bassey Etim
M. Gjorgjievski,Marko Gjorgjievski,€300k,584105,https://www.transfermarkt.com/marko-gjorgjievski/profil/spieler/584105,Marko Gjorgjievski
M. Ilie,Matei Cristian Ilie,€2.20m,615930,https://www.transfermarkt.com/matei-ilie/profil/spieler/615930,Matei Cristian Ilie
M. Karamoko,Mamoudou Karamoko,€550k,646782,https://www.transfermarkt.com/mamoudou-karamoko/profil/spieler/646782,Mamoudou Karamoko
M. Korenica,Meriton Korenica,€3.00m,412024,https://www.transfermarkt.com/meriton-korenica/profil/spieler/412024,Meriton Korenica
M. Kovtalyuk,Mykola Kovtalyuk,€300k,342609,https://www.transfermarkt.com/mykola-kovtalyuk/profil/spieler/342609,Mykola Kovtalyuk
M. Lis,Marian Laurențiu Lis,€100k,976495,https://www.transfermarkt.com/laurentiu-lis/profil/spieler/976495,Marian Laurențiu Lis
M. Lixandru,Mihai Lixandru,€1.00m,824915,https://www.transfermarkt.com/mihai-lixandru/profil/spieler/824915,Mihai Lixandru
M. Pavlović,Michael Pavlović,€850k,721631,https://www.transfermarkt.com/michael-pavlovic/profil/spieler/721631,Michael Pavlović
M. Popa,Mihai Popa,€700k,623412,https://www.transfermarkt.com/mihai-popa/profil/spieler/623412,Mihai Popa
M. Popa,Matei Popa,€250k,1350595,https://www.transfermarkt.com/matei-popa/profil/spieler/1350595,Matei Popa
M. Popescu,Mihai Popescu,€800k,361537,https://www.transfermarkt.com/mihai-popescu/profil/spieler/361537,Mihai Popescu
M. Rădulescu,Mihnea Rădulescu,€750k,1017320,https://www.transfermarkt.com/mihnea-radulescu/profil/spieler/1017320,Mihnea Rădulescu
M. Sivis,Maxime Sivis,€700k,580715,https://www.transfermarkt.com/maxime-sivis/profil/spieler/580715,Maxime Sivis
M. Thiam,Mamadou Thiam,€900k,368624,https://www.transfermarkt.com/mamadou-thiam/profil/spieler/368624,Mamadou Thiam
M. Toma,Mihai Toma,€500k,992820,https://www.transfermarkt.com/mihai-toma/profil/spieler/992820,Mihai Toma
M. Tudose,Mario Tudose,€1.50m,837239,https://www.transfermarkt.com/mario-tudose/profil/spieler/837239,Mario Tudose
M. Tzionis,Marinos Tzionis,€900k,511885,https://www.transfermarkt.com/marinos-tzionis/profil/spieler/511885,Marinos Tzionis
M. Zhelev,Milen Zhelev,€400k,381337,https://www.transfermarkt.com/milen-zhelev/profil/spieler/381337,Milen Zhelev
M. Čelić,Maks Juraj Čelić,€150k,348768,https://www.transfermarkt.com/maks-celic/profil/spieler/348768,Maks Juraj Čelić
M. Țuțu,Mark Țuțu,€550k,1287033,https://www.transfermarkt.com/mark-tutu/profil/spieler/1287033,Mark Țuțu
Mario Camora,Mário Jorge Malico Paulino,-,,https://www.transfermarkt.com/talent-soccer-esporte-amp-eventos/beraterfirma/berater/7264,Mário Jorge Malico Paulino
N. Antwi,Nana Kwame Antwi,€500k,608977,https://www.transfermarkt.com/nana-antwi/profil/spieler/608977,Nana Kwame Antwi
N. Bancu,Nicușor Bancu,€1.00m,213195,https://www.transfermarkt.com/nicusor-bancu/profil/spieler/213195,Nicușor Bancu
N. Grigoryan,Narek Grigoryan,€900k,545546,https://www.transfermarkt.com/narek-grigoryan/profil/spieler/545546,Narek Grigoryan
N. Ilaș,Narcis Ilaș,€300k,992843,https://www.transfermarkt.com/narcis-ilas/profil/spieler/992843,Narcis Ilaș
N. Stevanović,Nikola Stevanović,€750k,425733,https://www.transfermarkt.com/nikola-stevanovic/profil/spieler/425733,Nikola Stevanović
N. Stoioanov,Nikita Stoioanov,-,,,
Né Lopes,Manuel Alberto Cunha Lopes,€300k,641153,https://www.transfermarkt.com/ne-lopes/profil/spieler/641153,Manuel Alberto Cunha Lopes
O. Hindrich,Otto Hindrich,€1.30m,744075,https://www.transfermarkt.com/otto-hindrich/profil/spieler/744075,Otto Hindrich
O. Moruţan,Olimpiu Moruţan,€2.00m,429551,https://www.transfermarkt.com/olimpiu-morutan/profil/spieler/429551,Olimpiu Moruţan
O. Pašagić,Omar Pašagić,€100k,281077,https://www.transfermarkt.com/omar-pasagic/profil/spieler/281077,Omar Pašagić
O. Popescu,Ovidiu Popescu,€600k,289017,https://www.transfermarkt.com/ovidiu-popescu/profil/spieler/289017,Ovidiu Popescu
O. Popescu,Octavian Popescu,€600k,797100,https://www.transfermarkt.com/octavian-popescu/profil/spieler/797100,Octavian Popescu
O. Romanchuk,Oleksandr Romanchuk,-,59893,https://www.transfermarkt.com/oleksandr-romanchuk/profil/spieler/59893,Oleksandr Romanchuk
O. Safronov,Oleksandr Safronov,€250k,467241,https://www.transfermarkt.com/oleksandr-safronov/profil/spieler/467241,Oleksandr Safronov
P. Dulcea,Patrick Dulcea,€150k,1038445,https://www.transfermarkt.com/patrick-dulcea/profil/spieler/1038445,Patrick Dulcea
P. Gál-Andrezly,Peter Gál-Andrezly,€100k,90872,https://www.transfermarkt.com/peter-gal-andrezly/profil/spieler/90872,Peter Gál-Andrezly
P. Iacob,Paul Iacob,€900k,303359,https://www.transfermarkt.com/paul-iacob/profil/spieler/303359,Paul Iacob
P. Isenko,Pavlo Isenko,€1.20m,726033,https://www.transfermarkt.com/pavlo-isenko/profil/spieler/726033,Pavlo Isenko
P. Papp,Paul Papp,€200k,112552,https://www.transfermarkt.com/paul-papp/profil/spieler/112552,Paul Papp
Patrick,Fábio Patrick dos Reis dos Santos Fernandes,-,,https://www.transfermarkt.com/top-sport-group-assessoria-e-marketing/beraterfirma/berater/1311,Fábio Patrick dos Reis dos Santos Fernandes
Paulinho,Paulo Rafael Pereira Araújo,€450k,842718,https://www.transfermarkt.com/paulinho/profil/spieler/842718,Paulo Rafael Pereira Araújo
Pedro Nuno,Pedro Nuno Fernandes Ferreira,€400k,335380,https://www.transfermarkt.com/pedro-nuno/profil/spieler/335380,Pedro Nuno Fernandes Ferreira
R. Balbarau,Raul Andrei Balbarau,€350k,900040,https://www.transfermarkt.com/raul-balbarau/profil/spieler/900040,Raul Andrei Balbarau
R. Bădescu,Robert Gabriel Bădescu,€250k,912091,https://www.transfermarkt.com/robert-badescu/profil/spieler/912091,Robert Gabriel Bădescu
R. Creţ,Răzvan Creţ,€300k,1027042,https://www.transfermarkt.com/razvan-cret/profil/spieler/1027042,Răzvan Creţ
R. Deaconu,Ronaldo Deaconu,€250k,271281,https://www.transfermarkt.com/ronaldo-deaconu/profil/spieler/271281,Ronaldo Deaconu
R. Espinosa,Renato Espinosa Torres,€200k,483715,https://www.transfermarkt.com/renato-espinosa/profil/spieler/483715,Renato Espinosa Torres
R. Milea,Răzvan Milea,€75k,826143,https://www.transfermarkt.com/razvan-milea/profil/spieler/826143,Răzvan Milea
R. Moldoveanu,Robert Moldoveanu,€500k,319235,https://www.transfermarkt.com/robert-moldoveanu/profil/spieler/319235,Robert Moldoveanu
R. Munteanu,Rafael-Stefan Munteanu,-,,,
R. Neacşu,Robert Cornel Neacşu,€75k,511175,https://www.transfermarkt.com/robert-neacsu/profil/spieler/511175,Robert Cornel Neacşu
R. Odada,Richard Odada,€150k,675238,https://www.transfermarkt.com/richard-odada/profil/spieler/675238,Richard Odada
R. Onea,Răzvan Onea,€700k,536130,https://www.transfermarkt.com/razvan-onea/profil/spieler/536130,Răzvan Onea
R. Opruț,Raul Opruț,€1.70m,393806,https://www.transfermarkt.com/raul-oprut/profil/spieler/393806,Raul Opruț
R. Palmes,Raul Ioan Palmes,€350k,425399,https://www.transfermarkt.com/raul-palmes/profil/spieler/425399,Raul Ioan Palmes
R. Pop,Rareș Pop,€500k,837240,https://www.transfermarkt.com/rares-pop/profil/spieler/837240,Rareș Pop
R. Popa,Robert Popa,€150k,568618,https://www.transfermarkt.com/robert-popa/profil/spieler/568618,Robert Popa
R. Radunović,Risto Radunović,€800k,144339,https://www.transfermarkt.com/risto-radunovic/profil/spieler/144339,Risto Radunović
R. Rotund,Raul Rotund,€200k,1115189,https://www.transfermarkt.com/raul-rotund/profil/spieler/1115189,Raul Rotund
R. Sierra,Rober Sierra,€800k,381209,https://www.transfermarkt.com/rober-sierra/profil/spieler/381209,Rober Sierra
R. Sălceanu,Robert Sălceanu,€300k,809240,https://www.transfermarkt.com/robert-salceanu/profil/spieler/809240,Robert Sălceanu
R. Trif,Răzvan Trif,€450k,395799,https://www.transfermarkt.com/razvan-trif/profil/spieler/395799,Răzvan Trif
R. Tănasă,Răzvan Andrei Tănasă,€900k,798248,https://www.transfermarkt.com/razvan-tanasa/profil/spieler/798248,Răzvan Andrei Tănasă
R. Šuta,Riad Šuta,€400k,620963,https://www.transfermarkt.com/riad-suta/profil/spieler/620963,Riad Šuta
Rafinha,Rafael Baldres Hermann,€150k,566875,https://www.transfermarkt.com/rafinha/profil/spieler/566875,Rafael Baldres Hermann
Ricardinho,Ricardo José Veiga Varzim Miranda,€500k,337537,https://www.transfermarkt.com/ricardinho/profil/spieler/337537,Ricardo José Veiga Varzim Miranda
Ricardo Matos,Ricardo Manuel Pinho Matos,€850k,535958,https://www.transfermarkt.com/ricardo-matos/profil/spieler/535958,Ricardo Manuel Pinho Matos
S. Balaure,Silviu Balaure,€400k,296585,https://www.transfermarkt.com/silviu-balaure/profil/spieler/296585,Silviu Balaure
S. Buș,Sergiu Florin Buș,€200k,123671,https://www.transfermarkt.com/sergiu-bus/profil/spieler/123671,Sergiu Florin Buș
S. Dusinszki,Szabolcs Dusinszki,€100k,869975,https://www.transfermarkt.com/szabolcs-dusinszki/profil/spieler/869975,Szabolcs Dusinszki
S. Hanca,Sergiu Hanca,€150k,212806,https://www.transfermarkt.com/sergiu-hanca/profil/spieler/212806,Sergiu Hanca
S. Issah,Seydou Saeed Issah,€150k,610414,https://www.transfermarkt.com/saeed-issah/profil/spieler/610414,Seydou Saeed Issah
S. Jebari,Soufiane Jebari Jebari,-,,,
S. Krell,Stefan Krell,€150k,75919,https://www.transfermarkt.com/stefan-krell/profil/spieler/75919,Stefan Krell
S. Mailat,Sebastian Mailat,€1.20m,364697,https://www.transfermarkt.com/sebastian-mailat/profil/spieler/364697,Sebastian Mailat
S. Mino,Sota Mino,€350k,474909,https://www.transfermarkt.com/sota-mino/profil/spieler/474909,Sota Mino
S. Ngezana,Siyabonga Ngezana,€2.60m,445610,https://www.transfermarkt.com/siyabonga-ngezana/profil/spieler/445610,Siyabonga Ngezana
S. Nsimba,Aimé Steven Nsimba Labe,-,,https://www.transfermarkt.com/montenegro-productions-lc/beraterfirma/berater/5457,Aimé Steven Nsimba Labe
S. Perica,Stipe Perica,€550k,245072,https://www.transfermarkt.com/stipe-perica/profil/spieler/245072,Stipe Perica
S. Sinyan,Sheriff Sinyan,€1.00m,394435,https://www.transfermarkt.com/sheriff-sinyan/profil/spieler/394435,Sheriff Sinyan
S. Szalay,Szabolcs Szalay,€250k,543776,https://www.transfermarkt.com/szabolcs-szalay/profil/spieler/543776,Szabolcs Szalay
S. Târnovanu,Ştefan Târnovanu,€3.80m,568544,https://www.transfermarkt.com/stefan-tarnovanu/profil/spieler/568544,Ştefan Târnovanu
S. Veres,Szilárd Veres,€350k,315471,https://www.transfermarkt.com/szilard-veres/profil/spieler/315471,Szilárd Veres
S. Visic,Stefan Visic,€75k,496631,https://www.transfermarkt.com/stefan-visic/profil/spieler/496631,Stefan Visic
Samuel Teles,Samuel Teles Pereira Nunes Silva,€800k,597165,https://www.transfermarkt.com/samuel-teles/profil/spieler/597165,Samuel Teles Pereira Nunes Silva
Steeve Furtado,Steeve José Furtado Pereira,-,,https://www.transfermarkt.com/brasil4you/beraterfirma/berater/1408,Steeve José Furtado Pereira
T. Aggoun,Tarek Aggoun,€200k,836804,https://www.transfermarkt.com/tarek-aggoun/profil/spieler/836804,Tarek Aggoun
T. Băluţă,Tudor Băluţă,€1.40m,433976,https://www.transfermarkt.com/tudor-baluta/profil/spieler/433976,Tudor Băluţă
T. Christensen,Tobias Christensen,€2.50m,370894,https://www.transfermarkt.com/tobias-christensen/profil/spieler/370894,Tobias Christensen
T. Căpușă,Tiberiu Căpușă,€650k,340978,https://www.transfermarkt.com/tiberiu-capusa/profil/spieler/340978,Tiberiu Căpușă
T. Jambor,Timotej Jambor,€400k,582384,https://www.transfermarkt.com/timotej-jambor/profil/spieler/582384,Timotej Jambor
T. Jyry,Tommi Jyry,€700k,464308,https://www.transfermarkt.com/tommi-jyry/profil/spieler/464308,Tommi Jyry
T. Keita,Tidiane Keita,€650k,563614,https://www.transfermarkt.com/tidiane-keita/profil/spieler/563614,Tidiane Keita
T. Lungu,Teodor Lungu,€400k,577515,https://www.transfermarkt.com/teodor-lungu/profil/spieler/577515,Teodor Lungu
T. Seto,Takayuki Seto,€50k,97562,https://www.transfermarkt.com/takayuki-seto/profil/spieler/97562,Takayuki Seto
Talisson,Talisson de Almeida,€500k,1084074,https://www.transfermarkt.com/talisson/profil/spieler/1084074,Talisson de Almeida
V. Chiricheș,Vlad Iulian Chiricheș,€250k,123261,https://www.transfermarkt.com/vlad-chiriches/profil/spieler/123261,Vlad Iulian Chiricheș
V. Costache,Valentin Costache,€1.00m,341391,https://www.transfermarkt.com/valentin-costache/profil/spieler/341391,Valentin Costache
V. Crețu,Valentin Crețu,€150k,79507,https://www.transfermarkt.com/valentin-cretu/profil/spieler/79507,Valentin Crețu
V. Dican,Victor Dican,€700k,568540,https://www.transfermarkt.com/victor-dican/profil/spieler/568540,Victor Dican
V. Gheorghe,Valentin Gheorghe,€300k,453810,https://www.transfermarkt.com/valentin-gheorghe/profil/spieler/453810,Valentin Gheorghe
V. Hamdiu,Valon Hamdiu,€500k,410616,https://www.transfermarkt.com/valon-hamdiu/profil/spieler/410616,Valon Hamdiu
V. Kun,Viktor Kun,€300k,1043574,https://www.transfermarkt.com/viktor-kun/profil/spieler/1043574,Viktor Kun
V. Mogoș,Vasile Mogoș,€450k,324214,https://www.transfermarkt.com/vasile-mogos/profil/spieler/324214,Vasile Mogoș
V. Murria,Vadik Murria Soriano,-,,https://www.transfermarkt.com/acrsoccer-sports-management-careers/beraterfirma/berater/3491,Vadik Murria Soriano
V. Pop,Vlad Pop,€400k,341374,https://www.transfermarkt.com/vlad-pop/profil/spieler/341374,Vlad Pop
V. Raţă,Vadim Raţă,€600k,136128,https://www.transfermarkt.com/vadim-rata/profil/spieler/136128,Vadim Raţă
V. Screciu,Vladimir Screciu,€2.00m,418219,https://www.transfermarkt.com/vladimir-screciu/profil/spieler/418219,Vladimir Screciu
V. Selimović,Vahid Selimović,€350k,351072,https://www.transfermarkt.com/vahid-selimovic/profil/spieler/351072,Vahid Selimović
W. Loeper,Wilhelm Loeper,€500k,405786,https://www.transfermarkt.com/wilhelm-loeper/profil/spieler/405786,Wilhelm Loeper
Y. Roche,Yohan Roche,€400k,524988,https://www.transfermarkt.com/yohan-roche/profil/spieler/524988,Yohan Roche
Y. Zakir,Yassine Zakir,€300k,341987,https://www.transfermarkt.com/yassine-zakir/profil/spieler/341987,Yassine Zakir
Z. Bödő,Zoltán-Efraim Bödő,-,,https://www.transfermarkt.com/ogbodouk-sport-ltd/beraterfirma/berater/9661,Zoltán-Efraim Bödő
Z. Mitrov,Zoran Mitrov,€900k,740986,https://www.transfermarkt.com/zoran-mitrov/profil/spieler/740986,Zoran Mitrov
Z. Nagy,Nagy Zoard Kornel,€300k,638954,https://www.transfermarkt.com/zoard-nagy/profil/spieler/638954,Nagy Zoard Kornel
Ş. Baiaram,Ştefan Baiaram,€4.50m,686232,https://www.transfermarkt.com/stefan-baiaram/profil/spieler/686232,Ştefan Baiaram
Ş. Bodişteanu,Ştefan Bodişteanu,€850k,608448,https://www.transfermarkt.com/stefan-bodisteanu/profil/spieler/608448,Ştefan Bodişteanu
Ș. Bană,Ștefan Daniel Bană,€350k,963964,https://www.transfermarkt.com/stefan-bana/profil/spieler/963964,Ștefan Daniel Bană
Ș. Pănoiu,Ștefan Pănoiu,€150k,710063,https://www.transfermarkt.com/stefan-panoiu/profil/spieler/710063,Ștefan Pănoiu
A. Fábry,Andrej Fábry,€500k,406791,https://www.transfermarkt.com/andrej-fabry/profil/spieler/406791,Andrej Fábry
A. Gheorghiță,Andrei Cosmin Gheorghiță,€500k,880840,https://www.transfermarkt.com/andrei-gheorghita/profil/spieler/880840,Andrei Cosmin Gheorghiță
A. Chipciu,Alexandru Chipciu,€300k,64126,https://www.transfermarkt.com/alexandru-chipciu/profil/spieler/64126,Alexandru Chipciu
J. Stanojev,Jug Stanojev,€700k,477923,https://www.transfermarkt.com/jug-stanojev/profil/spieler/477923,Jug Stanojev
I. Cristea,Iulian Cristea,€1.00m,331971,https://www.transfermarkt.com/iulian-cristea/profil/spieler/331971,Iulian Cristea
D. Mikanović,Dino Mikanović,€300k,229625,https://www.transfermarkt.com/dino-mikanovic/profil/spieler/229625,Dino Mikanović
A. Murgia,Alessandro Murgia,€800k,289061,https://www.transfermarkt.com/alessandro-murgia/profil/spieler/289061,Alessandro Murgia
A. Chintes,Alin Chintes,€100k,1040558,https://www.transfermarkt.com/alin-chintes/profil/spieler/1040558,Alin Chintes
D. Codrea,Dorin Marian Codrea,€750k,605547,https://www.transfermarkt.com/dorin-codrea/profil/spieler/605547,Dorin Marian Codrea
O. Mendy,Oucasse N'Dayanthane Mendy,€750k,859536,https://www.transfermarkt.com/oucasse-mendy/profil/spieler/859536,Oucasse N'Dayanthane Mendy
Miguel Silva,Miguel Ângelo Gomes da Silva,-,,https://www.transfermarkt.com/antonio-silva/beraterfirma/berater/730,Miguel Ângelo Gomes da Silva
I. Macalou,Issouf Macalou,€900k,798972,https://www.transfermarkt.com/issouf-macalou/profil/spieler/798972,Issouf Macalou
E. Capradossi,Elio Capradossi,€300k,238947,https://www.transfermarkt.com/elio-capradossi/profil/spieler/238947,Elio Capradossi
J. Cissé,Jonathan Cissé,€500k,566068,https://www.transfermarkt.com/jonathan-cisse/profil/spieler/566068,Jonathan Cissé
O. El Sawy,Omar El Sawy,€550k,863557,https://www.transfermarkt.com/omar-el-sawy/profil/spieler/863557,Omar El Sawy
O. Bic,Ovidiu Bic,€1.00m,220816,https://www.transfermarkt.com/ovidiu-bic/profil/spieler/220816,Ovidiu Bic
G. Simion,Gabriel Simion,€850k,447557,https://www.transfermarkt.com/gabriel-simion/profil/spieler/447557,Gabriel Simion
V. Postolachi,Virgiliu Postolachi,€650k,536519,https://www.transfermarkt.com/virgiliu-postolachi/profil/spieler/536519,Virgiliu Postolachi
A. Trică,Atanas Trică,€300k,896370,https://www.transfermarkt.com/atanas-trica/profil/spieler/896370,Atanas Trică
M. Drammeh,Mouhamadou Drammeh,€350k,399551,https://www.transfermarkt.com/mouhamadou-drammeh/profil/spieler/399551,Mouhamadou Drammeh
J. Lukić,Jovo Lukić,€1.50m,457738,https://www.transfermarkt.com/jovo-lukic/profil/spieler/457738,Jovo Lukić
A. Artean,Andrei Artean,€550k,241254,https://www.transfermarkt.com/andrei-artean/profil/spieler/241254,Andrei Artean
Ş. Lefter,Ştefan Daniel Lefter,€400k,935015,https://www.transfermarkt.com/stefan-lefter/profil/spieler/935015,Ştefan Daniel Lefter
E. Gertmonas,Edvinas Gertmonas,€1.40m,229292,https://www.transfermarkt.com/edvinas-gertmonas/profil/spieler/229292,Edvinas Gertmonas
A. Coubis,Andrei Coubis,€500k,692349,https://www.transfermarkt.com/andrei-coubis/profil/spieler/692349,Andrei Coubis
D. Nistor,Dan Nistor,€300k,156639,https://www.transfermarkt.com/dan-nistor/profil/spieler/156639,Dan Nistor
